{
  "homography": [
    [
      -3.035385379927157e-08,
      -0.00107921100654095,
      0.5879946218889519
    ],
    [
      -0.0010786427430779922,
      -2.192135301394142e-08,
      0.5172170603034965
    ],
    [
      -6.690683872349118e-09,
      6.226699060170897e-08,
      1.0
    ]
  ],
  "cam_pos": [
    0.2,
    0.0,
    0.9
  ],
  "image_topic": "/overhead_camera"
}