{
  "homography": [
    [
      -3.035812125096326e-08,
      -0.0010792110848722534,
      0.5879946602280682
    ],
    [
      -0.0010786428170375354,
      -2.1921532737934735e-08,
      0.5172170958208232
    ],
    [
      -6.658234482186074e-09,
      6.231001339910578e-08,
      1.0
    ]
  ],
  "cam_pos": [
    0.2,
    0.0,
    0.9
  ],
  "image_topic": "/overhead_camera"
}